{
    "BH09":{
        "source":{
            "bibcode":"2009ApJ...701..200B",
            "reference":"Bersten & Hamuy (2009)"
        },
        "B-V":{
            "range_min": -0.2,
            "range_max": 1.65,
            "coefficients": [-0.823,
                             5.027,
                             -13.409,
                             20.133,
                             -18.096,
                             9.084,
                             -1.950],
            "rms": 0.113
        },
        "V-I":{
            "range_min": -0.1,
            "range_max": 1.0,
            "coefficients": [-1.355,
                             6.262,
                             -2.676,
                             -22.973,
                             35.542,
                             -15.340],
            "rms": 0.109
        },
        "B-I":{
            "range_min": -0.4,
            "range_max": 3.0,
            "coefficients": [-1.096,
                             3.038,
                             -2.246,
                             -0.497,
                             0.7078,
                             0.576,
                             -0.713,
                             0.239,
                             -0.027],
            "rms": 0.091
        }
    },
    "H01":{
        "source":{
            "bibcode":"2001PhDT.......173H",
            "reference":"Hamuy (2001)"
        },
        "B-V":{
            "range_min": -0.2,
            "range_max": 1.6,
            "coefficients": [0.199215,
                             1.654947,
                             -6.576745,
                             18.46060,
                             -25.27718,
                             15.98919,
                             -3.783559],
            "rms": 0.113
        },
        "V-I":{
            "range_min": -0.2,
            "range_max": 1.5,
            "coefficients": [-0.017371,
                             2.232705,
                             -1.246158,
                             0.862287,
                             0.000000,
                             0.000000],
            "rms": 0.109
        }
    }

}
